Date,Open,High,Low,Close,Adj Close,Volume
2013-03-04,828.140015,831.369995,813.780029,818.150024,818.150024,1952600000
2013-03-05,819.039978,821.630005,814.179993,814.919983,814.919983,2273080000
2013-03-06,819.479980,831.710022,819.070007,829.400024,829.400024,3397670000
2013-03-07,829.039978,833.059998,826.289978,832.320007,832.320007,2250230000
2013-03-08,833.739990,843.940002,833.500000,837.280029,837.280029,0
2013-03-11,837.659973,839.229980,829.979980,831.710022,831.710022,0
2013-03-13,830.820007,834.530029,823.320007,827.750000,827.750000,0
2013-03-14,826.460022,826.469971,813.280029,816.590027,816.590027,0
2013-03-15,820.900024,830.840027,820.900024,821.750000,821.750000,0
2013-03-18,819.960022,823.200012,815.619995,820.219971,820.219971,0
2013-03-19,823.419983,827.750000,822.280029,822.280029,822.280029,0
2013-03-20,null,null,null,null,null,null
2013-03-21,824.090027,827.760010,812.570007,816.130005,816.130005,0
2013-03-22,815.260010,817.890015,798.859985,798.859985,798.859985,0
2013-03-25,null,null,null,null,null,null
2013-03-26,810.859985,823.520020,809.520020,818.840027,818.840027,0
2013-03-27,821.840027,834.409973,821.690002,834.409973,834.409973,0
2013-03-28,832.710022,836.869995,828.489990,836.869995,836.869995,0
2013-04-01,833.400024,838.080017,831.669983,833.520020,833.520020,0
2013-04-02,835.349976,839.289978,834.080017,837.020020,837.020020,0
2013-04-03,840.809998,843.489990,834.479980,843.489990,843.489990,0
2013-04-04,840.760010,841.049988,830.130005,830.130005,830.130005,0
2013-04-05,832.530029,835.830017,827.130005,830.659973,830.659973,0
2013-04-08,830.239990,832.469971,819.789978,825.460022,825.460022,0
2013-04-09,828.570007,832.419983,823.150024,827.219971,827.219971,0
2013-04-10,829.590027,829.750000,819.929993,822.859985,822.859985,0
2013-04-11,825.299988,832.169983,823.940002,832.169983,832.169983,0
2013-04-12,832.570007,836.640015,831.270020,834.119995,834.119995,0
2013-04-15,830.299988,831.039978,823.940002,825.599976,825.599976,0
2013-04-16,822.280029,838.419983,818.979980,838.419983,838.419983,0
2013-04-17,841.260010,849.409973,840.489990,847.890015,847.890015,0
2013-04-18,843.739990,849.789978,842.570007,849.549988,849.549988,0
2013-04-19,847.549988,852.030029,844.109985,846.950012,846.950012,0
2013-04-22,848.369995,852.849976,842.190002,847.369995,847.369995,0
2013-04-23,847.510010,847.750000,841.739990,842.969971,842.969971,0
2013-04-24,847.710022,850.659973,844.929993,850.659973,850.659973,0
2013-04-25,848.380005,850.929993,840.929993,847.820007,847.820007,0
2013-04-26,847.219971,848.770020,841.929993,841.929993,841.929993,0
2013-04-29,843.890015,848.429993,842.609985,848.429993,848.429993,0
2013-04-30,null,null,null,null,null,null
2013-05-01,853.640015,861.020020,851.650024,860.039978,860.039978,0
2013-05-02,856.760010,860.440002,846.619995,847.289978,847.289978,0
2013-05-03,846.719971,848.460022,829.450012,833.609985,833.609985,0
2013-05-06,835.630005,847.659973,835.630005,845.940002,845.940002,0
2013-05-07,845.859985,854.219971,844.390015,853.840027,853.840027,0
2013-05-08,853.960022,861.669983,853.219971,859.369995,859.369995,0
2013-05-10,859.780029,864.609985,856.320007,861.469971,861.469971,0
2013-05-13,860.460022,860.530029,846.070007,851.080017,851.080017,0
2013-05-14,849.789978,856.869995,847.929993,856.869995,856.869995,0
2013-05-15,857.799988,861.049988,854.830017,856.890015,856.890015,0
2013-05-16,857.309998,861.859985,855.530029,856.070007,856.070007,0
2013-05-17,855.780029,874.719971,855.150024,870.030029,870.030029,0
2013-05-20,null,null,null,null,null,null
2013-05-21,886.799988,892.479980,873.219971,878.979980,878.979980,0
2013-05-22,878.919983,886.700012,877.000000,880.179993,880.179993,0
2013-05-23,879.010010,880.030029,859.250000,864.869995,864.869995,0
2013-05-24,867.460022,874.049988,866.440002,869.640015,869.640015,0
2013-05-27,867.150024,868.320007,851.780029,852.859985,852.859985,0
2013-05-28,null,null,null,null,null,null
2013-05-29,874.890015,882.169983,866.280029,876.190002,876.190002,0
2013-05-30,870.650024,870.650024,854.880005,857.760010,857.760010,0
2013-05-31,859.169983,861.099976,839.469971,839.469971,839.469971,0
2013-06-03,835.669983,836.789978,821.979980,823.710022,823.710022,0
2013-06-04,823.859985,836.729980,821.270020,836.729980,836.729980,0
2013-06-05,831.969971,831.979980,822.640015,831.090027,831.090027,0
2013-06-07,826.830017,827.650024,801.340027,801.340027,801.340027,0
2013-06-10,808.679993,811.530029,781.440002,785.909973,785.909973,0
2013-06-11,785.190002,786.929993,750.390015,757.280029,757.280029,0
2013-06-12,749.320007,777.539978,738.190002,777.530029,777.530029,0
2013-06-13,762.400024,773.659973,750.840027,759.489990,759.489990,0
2013-06-14,769.619995,794.409973,769.619995,790.340027,790.340027,0
2013-06-17,789.030029,799.890015,788.059998,792.710022,792.710022,0
2013-06-18,797.859985,810.270020,797.840027,803.880005,803.880005,0
2013-06-19,805.770020,811.599976,795.280029,795.890015,795.890015,0
2013-06-20,779.830017,779.830017,759.460022,760.599976,760.599976,0
2013-06-21,740.450012,749.380005,731.570007,736.260010,736.260010,0
2013-06-24,null,null,null,null,null,null
2013-06-25,732.799988,738.669983,716.080017,719.580017,719.580017,0
2013-06-26,null,null,null,null,null,null
2013-06-27,769.750000,785.000000,769.750000,773.390015,773.390015,0
2013-06-28,785.270020,804.000000,785.039978,804.000000,804.000000,0
2013-07-01,788.239990,803.900024,786.049988,794.700012,794.700012,0
2013-07-02,801.989990,802.469971,782.890015,784.130005,784.130005,0
2013-07-03,780.299988,781.270020,755.309998,755.309998,755.309998,0
2013-07-04,760.479980,770.049988,758.260010,758.330017,758.330017,0
2013-07-05,769.030029,772.700012,760.520020,764.280029,764.280029,0
2013-07-08,758.140015,758.460022,731.229980,731.229980,731.229980,0
2013-07-09,738.679993,743.799988,728.210022,728.210022,728.210022,0
2013-07-10,730.859985,748.630005,730.530029,745.010010,745.010010,0
2013-07-11,751.520020,775.409973,751.520020,771.450012,771.450012,0
2013-07-12,774.070007,786.520020,768.820007,777.659973,777.659973,0
2013-07-15,779.369995,779.500000,765.140015,777.900024,777.900024,0
2013-07-16,776.979980,782.940002,773.559998,778.539978,778.539978,0
2013-07-17,780.599976,784.969971,775.989990,784.719971,784.719971,0
2013-07-18,783.000000,792.140015,782.390015,792.140015,792.140015,0
2013-07-19,789.429993,795.489990,787.369995,791.909973,791.909973,0
2013-07-22,793.669983,794.090027,778.710022,778.710022,778.710022,0
2013-07-23,783.250000,798.909973,782.919983,798.909973,798.909973,0
2013-07-24,797.179993,801.229980,779.809998,789.349976,789.349976,0
2013-07-25,789.909973,790.530029,778.640015,779.080017,779.080017,0
2013-07-26,780.510010,784.989990,774.440002,777.159973,777.159973,0
2013-07-29,null,null,null,null,null,null
2013-07-30,767.559998,776.750000,766.049988,772.250000,772.250000,731515000
2013-07-31,776.630005,778.719971,763.479980,771.900024,771.900024,1017222000
2013-08-01,774.090027,776.070007,767.200012,774.150024,774.150024,855551500
2013-08-02,779.469971,781.880005,771.070007,774.940002,774.940002,747184000
2013-08-12,772.039978,772.619995,759.750000,763.950012,763.950012,945283500
2013-08-13,763.799988,776.469971,763.799988,776.469971,776.469971,1188929500
2013-08-14,778.059998,786.289978,774.400024,786.289978,786.289978,1098578000
2013-08-15,782.020020,783.159973,778.070007,781.330017,781.330017,808900500
2013-08-16,771.700012,772.260010,758.859985,758.859985,758.859985,1083834500
2013-08-19,750.119995,750.500000,708.090027,708.090027,708.090027,1389064500
2013-08-20,694.369995,697.630005,663.419983,687.169983,687.169983,2154631500
2013-08-21,689.520020,707.539978,682.340027,696.150024,696.150024,1132823000
2013-08-22,683.179993,692.570007,676.750000,689.500000,689.500000,1641500500
2013-08-23,695.780029,704.099976,685.690002,689.260010,689.260010,1258707500
2013-08-26,691.020020,694.460022,677.890015,677.890015,677.890015,941560500
2013-08-27,672.469971,672.659973,650.520020,651.869995,651.869995,1301743000
2013-08-28,635.250000,668.419983,625.479980,664.979980,664.979980,2079922500
2013-08-29,668.799988,680.570007,664.219971,680.010010,680.010010,1886733000
2013-08-30,678.909973,701.070007,677.270020,701.070007,701.070007,1619899500
2013-09-02,701.479980,703.330017,672.450012,678.820007,678.820007,0
2013-09-03,681.719971,693.380005,681.380005,691.390015,691.390015,1205340500
2013-09-04,686.239990,686.729980,672.190002,673.609985,673.609985,1281342500
2013-09-05,678.869995,684.530029,662.559998,669.580017,669.580017,1391927500
2013-09-06,671.510010,676.059998,662.719971,676.059998,676.059998,1116079000
2013-09-09,684.599976,700.849976,681.619995,700.849976,700.849976,1520445000
2013-09-10,709.729980,739.059998,709.729980,739.059998,739.059998,2905655000
2013-09-11,743.880005,749.080017,721.510010,736.190002,736.190002,1577958000
2013-09-12,731.570007,739.150024,726.690002,734.580017,734.580017,1336687500
2013-09-13,730.039978,737.900024,725.669983,736.710022,736.710022,1080038000
2013-09-16,743.820007,766.770020,743.770020,766.770020,766.770020,1739061500
2013-09-17,765.760010,769.570007,756.880005,765.619995,765.619995,1635914000
2013-09-18,761.630005,762.330017,749.099976,752.200012,752.200012,1243290500
2013-09-19,781.109985,827.539978,781.109985,793.789978,793.789978,3480795500
2013-09-20,789.909973,793.099976,773.929993,773.929993,773.929993,1415060500
2013-09-23,759.390015,769.989990,757.909973,769.989990,769.989990,977323500
2013-09-24,766.340027,772.409973,745.539978,749.200012,749.200012,1326855500
2013-09-25,731.299988,744.859985,725.119995,737.039978,737.039978,1157297500
2013-09-26,736.059998,751.309998,734.219971,735.500000,735.500000,1270386000
2013-09-27,743.380005,746.289978,737.820007,738.969971,738.969971,796512500
2013-09-30,729.219971,734.719971,712.900024,712.900024,712.900024,1166920000
2013-10-01,712.590027,730.039978,712.590027,722.200012,722.200012,961352500
2013-10-02,728.869995,740.000000,728.640015,732.950012,732.950012,914024500
2013-10-03,735.229980,740.289978,734.340027,738.489990,738.489990,641169500
2013-10-04,735.969971,737.130005,728.619995,732.909973,732.909973,689080500
2013-10-07,733.719971,737.010010,727.909973,731.390015,731.390015,791603500
2013-10-08,727.320007,745.710022,727.260010,743.250000,743.250000,1131308000
2013-10-09,740.219971,751.859985,737.510010,748.710022,748.710022,1176335000
2013-10-10,754.789978,758.590027,752.469971,755.200012,755.200012,1208482500
2013-10-11,764.700012,767.559998,758.099976,763.309998,763.309998,1173477500
2013-10-16,765.330017,766.340027,754.650024,757.280029,757.280029,837256500
2013-10-17,765.679993,769.969971,757.250000,761.919983,761.919983,1037585500
2013-10-18,761.979980,767.710022,756.950012,767.710022,767.710022,1126377000
2013-10-21,770.530029,775.359985,767.950012,773.750000,773.750000,1181956500
2013-10-22,766.869995,769.059998,755.510010,758.429993,758.429993,905724500
2013-10-23,762.869995,779.950012,762.869995,764.119995,764.119995,1491227000
2013-10-24,761.840027,774.799988,760.880005,774.669983,774.669983,1580673500
2013-10-25,770.710022,776.809998,767.979980,771.770020,771.770020,1342507000
2013-10-28,775.130005,778.000000,769.229980,772.820007,772.820007,1360147000
2013-10-29,770.409973,773.070007,762.059998,766.090027,766.090027,1088403500
2013-10-30,766.330017,769.330017,761.070007,769.080017,769.080017,1278790500
2013-10-31,758.590027,762.419983,750.159973,754.809998,754.809998,1324736500
2013-11-01,745.390015,757.190002,739.280029,739.280029,739.280029,1388232000
2013-11-04,737.739990,742.450012,733.349976,738.239990,738.239990,855944500
2013-11-06,739.650024,744.150024,736.190002,744.150024,744.150024,1073203500
2013-11-07,745.340027,754.479980,744.109985,752.250000,752.250000,1302403500
2013-11-08,745.739990,752.830017,742.039978,749.580017,749.580017,1308853000
2013-11-11,748.859985,750.940002,740.669983,743.150024,743.150024,1181364500
2013-11-12,745.080017,746.250000,729.340027,731.159973,731.159973,1196863500
2013-11-13,725.500000,725.500000,712.280029,714.799988,714.799988,1206650500
2013-11-14,720.419983,732.880005,720.419983,728.900024,728.900024,1275908500
2013-11-15,734.400024,738.190002,719.549988,722.070007,722.070007,910423500
2013-11-18,728.659973,737.119995,728.450012,736.719971,736.719971,918542500
2013-11-19,736.119995,740.299988,730.880005,738.010010,738.010010,1038901500
2013-11-20,740.580017,740.580017,722.940002,727.090027,727.090027,998779000
2013-11-21,721.219971,724.020020,716.250000,722.010010,722.010010,806864500
2013-11-22,728.739990,729.989990,718.200012,720.890015,720.890015,821316000
2013-11-25,723.809998,727.330017,720.340027,723.599976,723.599976,762325000
2013-11-26,722.250000,723.000000,700.210022,700.210022,700.210022,2392913000
2013-11-27,706.359985,709.130005,698.559998,704.500000,704.500000,1101188500
2013-11-28,707.739990,709.809998,695.989990,702.380005,702.380005,866562000
2013-11-29,698.890015,706.340027,698.200012,704.890015,704.890015,819399000
2013-12-02,708.119995,721.830017,707.150024,719.750000,719.750000,1451041500
2013-12-03,718.820007,719.229980,708.700012,714.080017,714.080017,915238000
2013-12-04,708.270020,710.330017,703.780029,703.780029,703.780029,982171500
2013-12-05,702.929993,704.039978,692.099976,698.950012,698.950012,1009514000
2013-12-06,695.200012,695.619995,687.330017,691.030029,691.030029,1077742500
2013-12-09,698.549988,703.690002,693.760010,699.820007,699.820007,1005151000
2013-12-10,702.409973,714.849976,700.969971,713.770020,713.770020,1279821500
2013-12-11,713.330017,715.520020,705.929993,714.030029,714.030029,1007420500
2013-12-12,705.609985,708.700012,700.239990,700.239990,700.239990,988329000
2013-12-13,700.609985,700.900024,689.989990,691.510010,691.510010,869523500
2013-12-16,687.130005,687.799988,678.099976,680.979980,680.979980,1187449500
2013-12-17,686.609985,697.250000,686.479980,693.650024,693.650024,1277802500
2013-12-18,695.960022,700.570007,691.429993,697.020020,697.020020,1009695000
2013-12-19,705.190002,710.650024,700.210022,705.440002,705.440002,934603000
2013-12-20,704.619995,705.039978,694.830017,698.219971,698.219971,872556500
2013-12-23,699.799988,700.940002,689.590027,697.070007,697.070007,604135000
2013-12-24,698.830017,702.250000,694.400024,701.200012,701.200012,428837500
2013-12-27,702.969971,708.609985,701.479980,701.479980,701.479980,542271500
2013-12-30,708.539978,711.820007,705.119995,711.140015,711.140015,678187500
2014-01-02,716.369995,723.630005,714.859985,723.520020,723.520020,630812500
2014-01-03,715.909973,716.539978,706.619995,709.349976,709.349976,728387000
2014-01-06,709.840027,710.760010,695.750000,699.559998,699.559998,651468300
2014-01-07,700.460022,701.789978,694.469971,694.469971,694.469971,810724900
2014-01-08,696.469971,700.559998,690.609985,698.979980,698.979980,895611400
2014-01-09,698.820007,702.750000,696.289978,698.650024,698.650024,961879000
2014-01-10,697.479980,715.799988,696.190002,711.429993,711.429993,1083678600
2014-01-13,721.530029,742.679993,720.989990,741.739990,741.739990,2252357900
2014-01-15,744.729980,757.919983,743.619995,752.460022,752.460022,2146473300
2014-01-16,756.059998,756.549988,746.219971,746.390015,746.390015,1365966600
2014-01-17,745.320007,749.830017,740.849976,745.340027,745.340027,1026399800
2014-01-20,748.460022,748.460022,748.460022,748.460022,748.460022,0
2014-01-21,751.239990,753.090027,748.950012,751.330017,751.330017,1220310500
2014-01-22,749.460022,757.369995,747.429993,757.369995,757.369995,1340196000
2014-01-23,762.010010,765.020020,758.640015,760.630005,760.630005,1290597400
2014-01-24,756.340027,756.659973,747.039978,747.039978,747.039978,928380900
2014-01-27,726.520020,727.200012,713.080017,722.400024,722.400024,1043413200
2014-01-28,719.530029,730.380005,715.510010,727.250000,727.250000,974259100
2014-01-29,730.929993,746.989990,730.929993,742.460022,742.460022,1145878100
2014-01-30,729.909973,741.760010,727.020020,741.760010,741.760010,1026895100
2014-02-03,738.710022,739.739990,731.309998,734.159973,734.159973,738701400
2014-02-04,720.950012,731.169983,719.640015,726.630005,726.630005,819486400
2014-02-05,733.309998,735.359985,729.299988,734.000000,734.000000,1071519200
2014-02-06,734.580017,742.820007,734.229980,742.820007,742.820007,1371387900
2014-02-07,747.229980,753.080017,746.929993,751.049988,751.049988,1671703500
2014-02-10,755.919983,758.729980,747.830017,747.830017,747.830017,1579748500
2014-02-11,748.679993,753.900024,748.239990,752.140015,752.140015,1446333800
2014-02-12,757.169983,759.280029,753.309998,756.280029,756.280029,1497478200
2014-02-13,755.590027,756.880005,753.900024,754.679993,754.679993,978138100
2014-02-14,758.049988,758.729980,755.809998,757.590027,757.590027,1170979400
2014-02-17,761.859985,768.219971,761.859985,766.719971,766.719971,1982848000
2014-02-18,767.650024,769.460022,764.559998,766.460022,766.460022,1342325100
2014-02-19,767.320007,773.539978,767.260010,773.539978,773.539978,1223513200
2014-02-20,771.190002,776.409973,770.750000,776.409973,776.409973,1234954700
2014-02-21,780.729980,786.010010,780.070007,784.900024,784.900024,1527688500
2014-02-24,786.609985,788.710022,779.469971,779.700012,779.700012,1035700000
2014-02-25,780.900024,783.619995,766.489990,768.210022,768.210022,1110479900
2014-02-26,764.369995,766.489990,756.679993,758.809998,758.809998,1324723700
2014-02-27,759.119995,767.359985,757.809998,765.239990,765.239990,1077343900
2014-02-28,768.479980,776.690002,767.099976,776.690002,776.690002,1273252800
2014-03-03,768.760010,770.619995,766.609985,769.770020,769.770020,958137700
2014-03-04,769.020020,773.109985,766.400024,772.489990,772.489990,1265978000
2014-03-05,777.630005,783.380005,776.760010,783.090027,783.090027,1340806700
2014-03-06,785.320007,788.539978,782.369995,788.539978,788.539978,1858257600
2014-03-07,791.799988,792.630005,786.119995,786.690002,786.690002,1856594300
2014-03-10,781.330017,787.289978,779.320007,784.969971,784.969971,1489018300
2014-03-11,783.969971,789.169983,783.690002,788.960022,788.960022,2091011500
2014-03-12,782.869995,787.960022,780.140015,784.909973,784.909973,2076782100
2014-03-13,787.640015,794.409973,786.719971,794.409973,794.409973,1511930500
2014-03-14,786.020020,830.669983,783.530029,830.669983,830.669983,2321883800
2014-03-17,832.929993,833.929993,820.909973,828.440002,828.440002,2898439100
2014-03-18,829.049988,831.289978,811.559998,812.440002,812.440002,1926734200
2014-03-19,815.520020,819.460022,814.049988,815.330017,815.330017,1269461300
2014-03-20,811.770020,811.859985,787.869995,788.679993,788.679993,1721814200
2014-03-21,791.679993,797.090027,780.969971,789.030029,789.030029,1528465600
2014-03-24,792.119995,794.650024,787.289978,792.130005,792.130005,942969400
2014-03-25,788.460022,789.950012,785.880005,788.030029,788.030029,867729300
2014-03-26,789.369995,797.460022,789.270020,793.090027,793.090027,924023100
2014-03-27,791.349976,800.489990,790.489990,791.280029,791.280029,1115630500
2014-03-28,795.059998,801.619995,794.729980,799.510010,799.510010,1135844800
2014-04-01,806.739990,824.169983,806.150024,824.169983,824.169983,1855002700
2014-04-02,825.309998,829.440002,820.500000,824.020020,824.020020,1511811900
2014-04-03,825.869995,829.830017,824.700012,828.770020,828.770020,1181062600
2014-04-04,829.549988,830.479980,816.349976,820.080017,820.080017,1134539600
2014-04-07,819.539978,836.270020,818.909973,834.570007,834.570007,1622386900
2014-04-08,834.969971,836.719971,832.559998,835.900024,835.900024,1682437000
2014-04-09,834.969971,836.719971,832.559998,835.900024,835.900024,0
2014-04-10,811.969971,812.510010,797.979980,803.229980,803.229980,3545437300
2014-04-11,795.059998,813.969971,792.700012,813.969971,813.969971,1765324300
2014-04-14,812.940002,824.150024,812.940002,823.010010,823.010010,1584875400
2014-04-15,824.940002,828.880005,821.229980,823.090027,823.090027,1423935500
2014-04-16,826.539978,828.380005,823.429993,823.429993,823.429993,1044268900
2014-04-17,829.719971,831.030029,825.179993,829.599976,829.599976,896967200
2014-04-21,833.619995,833.739990,828.289978,829.349976,829.349976,542924000
2014-04-22,828.719971,830.330017,822.320007,830.330017,830.330017,1028114800
2014-04-23,828.919983,834.070007,828.239990,829.340027,829.340027,1173019900
2014-04-24,828.960022,834.030029,827.119995,829.599976,829.599976,1178199900
2014-04-25,830.200012,834.469971,829.479980,829.479980,829.479980,1227626200
2014-04-28,829.010010,830.299988,813.729980,813.729980,813.729980,1064793400
2014-04-29,811.590027,813.989990,808.580017,812.090027,812.090027,803322600
2014-04-30,815.880005,817.820007,812.590027,814.960022,814.960022,1203457900
2014-05-02,816.320007,820.150024,815.429993,815.799988,815.799988,942042000
2014-05-05,816.780029,820.119995,815.960022,817.150024,817.150024,559858300
2014-05-06,817.929993,819.760010,814.599976,815.340027,815.340027,515883200
2014-05-07,815.039978,820.369995,814.080017,820.090027,820.090027,920526500
2014-05-08,824.440002,825.630005,817.719971,821.570007,821.570007,941834600
2014-05-09,822.770020,827.169983,820.789978,827.169983,827.169983,1286623900
2014-05-12,829.669983,834.380005,828.750000,831.440002,831.440002,1349687100
2014-05-13,836.820007,837.539978,828.109985,831.570007,831.570007,1056199100
2014-05-14,835.960022,848.570007,835.419983,848.570007,848.570007,1527917300
2014-05-16,846.400024,858.859985,845.500000,858.859985,858.859985,1453394600
2014-05-19,864.450012,872.260010,848.750000,857.369995,857.369995,1848021400
2014-05-20,855.979980,855.979980,825.520020,832.359985,832.359985,1674651200
2014-05-21,829.640015,836.179993,826.719971,835.280029,835.280029,989887600
2014-05-22,840.760010,848.330017,838.130005,847.450012,847.450012,1118358700
2014-05-23,848.409973,849.130005,844.289978,847.690002,847.690002,737406700
2014-05-26,850.719971,850.750000,844.780029,845.719971,845.719971,525231200
2014-05-28,844.580017,849.919983,844.070007,848.669983,848.669983,804110800
2014-05-30,851.570007,851.950012,824.549988,824.549988,824.549988,1728771100
2014-06-02,826.390015,829.080017,821.609985,829.080017,829.080017,915699300
2014-06-03,831.150024,835.299988,824.150024,835.299988,835.299988,1005132600
2014-06-04,832.950012,836.099976,830.109985,832.090027,832.090027,800105600
2014-06-05,832.059998,833.200012,827.849976,832.690002,832.690002,699988600
2014-06-06,831.630005,836.989990,831.580017,833.650024,833.650024,839709400
2014-06-09,835.900024,836.690002,821.479980,823.580017,823.580017,1209591100
2014-06-10,825.820007,838.000000,825.820007,838.000000,838.000000,913066100
2014-06-11,837.119995,842.080017,835.640015,842.080017,842.080017,1095626300
2014-06-12,839.780029,840.320007,831.090027,834.530029,834.530029,1106403000
2014-06-13,832.690002,834.190002,830.650024,832.659973,832.659973,694361400
2014-06-16,831.979980,833.099976,822.679993,823.059998,823.059998,934737800
2014-06-17,824.169983,829.369995,821.489990,829.369995,829.369995,967648300
2014-06-18,828.599976,828.630005,823.510010,824.859985,824.859985,737225300
2014-06-19,826.969971,827.809998,819.440002,820.530029,820.530029,922179000
2014-06-20,823.320007,825.309998,818.200012,818.200012,818.200012,954942400
2014-06-23,820.869995,822.919983,817.489990,817.859985,817.859985,1180506900
2014-06-24,819.239990,822.130005,818.700012,819.960022,819.960022,1092356900
2014-06-25,819.349976,821.809998,815.340027,815.340027,815.340027,1149523800
2014-06-26,817.429993,822.840027,816.809998,822.840027,822.840027,1435114800
2014-06-27,820.700012,822.179993,813.989990,816.280029,816.280029,1444887600
2014-06-30,816.820007,824.270020,816.109985,822.669983,822.669983,1440422800
2014-07-01,822.429993,824.739990,820.049988,824.739990,824.739990,1114883300
2014-07-02,825.530029,831.140015,824.090027,831.140015,831.140015,864202100
2014-07-03,830.469971,830.650024,825.760010,825.799988,825.799988,1145881500
2014-07-04,824.679993,832.330017,824.679993,829.280029,829.280029,1460574000
2014-07-07,833.450012,849.090027,832.640015,849.090027,849.090027,2541036900
2014-07-08,854.179993,864.340027,854.049988,859.409973,859.409973,2646741500
2014-07-09,null,null,null,null,null,null
2014-07-10,881.630005,893.169983,870.659973,875.659973,875.659973,3674024200
2014-07-11,869.150024,870.479980,855.059998,861.219971,861.219971,1295761300
2014-07-14,863.510010,864.690002,854.140015,860.200012,860.200012,1165654400
2014-07-15,863.320007,870.460022,862.789978,870.460022,870.460022,1446427900
2014-07-16,871.890015,883.260010,871.890015,877.030029,877.030029,2103229400
2014-07-17,880.840027,882.859985,862.280029,869.940002,869.940002,1685208600
2014-07-18,864.090027,878.020020,862.770020,874.119995,874.119995,1151105800
2014-07-21,879.469971,882.950012,878.369995,881.320007,881.320007,1792076400
2014-07-22,885.200012,887.909973,859.039978,873.780029,873.780029,2222423300
2014-07-23,879.359985,883.150024,871.770020,873.340027,873.340027,1487120600
2014-07-24,877.729980,879.599976,868.549988,872.700012,872.700012,1082583300
2014-07-25,874.250000,875.190002,862.780029,868.299988,868.299988,1392812300
2014-08-04,865.150024,878.080017,860.109985,878.080017,878.080017,1534241300
2014-08-05,879.039978,879.469971,872.729980,875.469971,875.469971,1343408700
2014-08-06,868.630005,869.739990,863.090027,863.859985,863.859985,1115960700
2014-08-07,862.330017,866.450012,860.210022,864.989990,864.989990,1126924000
2014-08-08,865.250000,867.109985,861.559998,861.909973,861.909973,778731200
2014-08-11,871.179993,875.429993,869.270020,875.429993,875.429993,937083800
2014-08-12,879.409973,881.830017,877.750000,878.419983,878.419983,1196648800
2014-08-13,879.619995,886.320007,878.469971,886.320007,886.320007,885976000
2014-08-14,886.869995,887.500000,877.440002,882.559998,882.559998,1016166100
2014-08-15,882.570007,883.390015,879.150024,879.900024,879.900024,652380000
2014-08-18,881.260010,883.539978,879.599976,881.380005,881.380005,735451000
2014-08-19,885.090027,886.190002,880.289978,880.710022,880.710022,920292800
2014-08-20,881.320007,886.500000,881.140015,886.500000,886.500000,1092146700
2014-08-21,886.500000,890.080017,879.440002,889.659973,889.659973,1067523300
2014-08-22,892.090027,893.369995,884.460022,886.830017,886.830017,940290800
2014-08-25,885.719971,886.900024,882.000000,883.820007,883.820007,788585600
2014-08-26,885.400024,886.039978,875.469971,876.239990,876.239990,1167668800
2014-08-27,875.840027,881.489990,875.840027,880.700012,880.700012,996784500
2014-08-28,880.940002,885.750000,880.309998,883.190002,883.190002,1150872700
2014-08-29,880.880005,883.960022,869.200012,869.200012,869.200012,942697200
2014-09-01,874.979980,880.489990,874.450012,880.099976,880.099976,540441300
2014-09-02,880.530029,886.020020,880.530029,885.530029,885.530029,806602200
2014-09-03,886.669983,890.320007,886.669983,889.729980,889.729980,937571000
2014-09-04,890.020020,891.619995,883.820007,885.289978,885.289978,973490800
2014-09-05,884.039978,888.559998,882.469971,886.580017,886.580017,817517800
2014-09-08,892.570007,895.919983,891.479980,892.719971,892.719971,986226000
2014-09-09,893.369995,894.190002,882.599976,883.659973,883.659973,870956300
2014-09-10,881.940002,881.940002,871.359985,873.429993,873.429993,1068175300
2014-09-11,874.460022,879.710022,869.030029,869.030029,869.030029,863005600
2014-09-12,869.549988,874.239990,867.729980,870.119995,870.119995,828204300
2014-09-15,863.739990,871.460022,863.700012,870.330017,870.330017,748700200
2014-09-16,872.059998,873.049988,866.960022,867.340027,867.340027,684852900
2014-09-17,874.520020,881.099976,874.270020,878.659973,878.659973,1201645000
2014-09-18,880.719971,887.520020,880.130005,886.760010,886.760010,922558900
2014-09-19,888.840027,895.989990,887.030029,890.650024,890.650024,1248420200
2014-09-22,888.580017,891.700012,887.030029,891.010010,891.010010,592258200
2014-09-23,886.539978,887.080017,883.590027,883.669983,883.669983,688232400
2014-09-24,884.169983,887.020020,878.710022,878.710022,878.710022,531336200
2014-09-25,885.609985,887.130005,879.510010,884.409973,884.409973,845886400
2014-09-26,869.789978,871.289978,864.840027,870.520020,870.520020,1168699400
2014-09-29,868.080017,874.849976,859.950012,874.849976,874.849976,841415300
2014-09-30,868.289978,876.250000,865.909973,873.080017,873.080017,947869100
2014-10-01,875.830017,877.719971,869.690002,870.809998,870.809998,1098650000
2014-10-02,862.340027,863.059998,842.080017,842.859985,842.859985,1270412500
2014-10-03,845.080017,848.099976,830.059998,833.919983,833.919983,1094387600
2014-10-06,840.400024,847.150024,833.239990,845.500000,845.500000,704485300
2014-10-07,849.770020,856.549988,845.169983,852.400024,852.400024,1001841200
2014-10-08,842.280029,847.239990,837.369995,837.369995,837.369995,843876400
2014-10-09,846.059998,849.020020,844.169983,844.400024,844.400024,910413900
2014-10-10,832.969971,841.080017,830.780029,838.679993,838.679993,867692200
2014-10-13,832.260010,835.150024,828.299988,828.299988,828.299988,659348200
2014-10-14,825.650024,834.880005,825.309998,831.340027,831.340027,764719000
2014-10-15,837.659973,842.299988,835.729980,839.109985,839.109985,1082367100
2014-10-16,831.690002,844.070007,831.280029,837.260010,837.260010,1178151700
2014-10-17,838.909973,859.869995,837.530029,854.190002,854.190002,1765769600
2014-10-20,864.130005,869.690002,855.030029,855.030029,855.030029,1581180500
2014-10-21,859.229980,859.760010,849.960022,853.429993,853.429993,835206400
2014-10-22,859.979980,863.549988,859.559998,862.460022,862.460022,1025913600
2014-10-23,863.030029,869.010010,861.130005,867.719971,867.719971,866136500
2014-10-24,866.409973,868.039978,858.489990,862.549988,862.549988,645280400
2014-10-27,865.849976,866.679993,851.340027,851.340027,851.340027,611718900
2014-10-28,852.349976,852.809998,845.270020,846.530029,846.530029,745383400
2014-10-29,851.090027,863.469971,850.880005,863.469971,863.469971,985541300
2014-10-30,863.179993,863.659973,855.510010,860.289978,860.289978,790668700
2014-10-31,864.609985,868.049988,861.109985,868.049988,868.049988,953347000
2014-11-03,871.309998,871.520020,862.760010,868.309998,868.309998,665821300
2014-11-04,866.549988,868.969971,864.289978,864.289978,864.289978,723766400
2014-11-05,865.369995,867.219971,859.880005,864.059998,864.059998,626262000
2014-11-06,864.840027,865.340027,857.500000,857.619995,857.619995,618880400
2014-11-07,857.400024,858.890015,846.099976,847.289978,847.289978,780280000
2014-11-10,849.770020,852.419983,843.539978,843.539978,843.539978,477819800
2014-11-11,844.979980,861.719971,844.919983,859.039978,859.039978,766301100
2014-11-12,862.799988,867.289978,860.159973,863.200012,863.200012,742756800
2014-11-13,862.609985,865.299988,859.349976,864.549988,864.549988,529110500
2014-11-14,864.289978,868.859985,862.830017,865.520020,865.520020,596818800
2014-11-17,862.450012,871.489990,862.309998,867.219971,867.219971,773293200
2014-11-18,873.039978,876.590027,870.309998,876.590027,876.590027,1107305700
2014-11-19,879.530029,884.090027,878.630005,881.239990,881.239990,1191794400
2014-11-20,880.049988,880.809998,869.989990,875.159973,875.159973,899985100
2014-11-21,874.520020,881.849976,873.429993,878.559998,878.559998,996190000
2014-11-24,884.070007,889.130005,883.090027,886.929993,886.929993,1031175000
2014-11-25,885.739990,889.159973,881.280029,881.280029,881.280029,1018549000
2014-11-26,882.859985,885.799988,879.109985,884.590027,884.590027,779338400
2014-11-27,886.840027,886.840027,886.840027,886.840027,886.840027,0
2014-11-28,885.409973,886.960022,882.539978,886.330017,886.330017,1201558000
2014-12-01,886.460022,891.159973,883.650024,890.700012,890.700012,1083673800
2014-12-02,892.039978,897.030029,891.330017,893.580017,893.580017,1119678200
2014-12-03,894.700012,895.270020,889.080017,890.429993,890.429993,1087473300
2014-12-04,892.179993,892.179993,892.179993,892.179993,892.179993,0
2014-12-05,894.219971,896.770020,893.169983,893.780029,893.780029,614412800
2014-12-08,896.270020,898.320007,881.619995,884.280029,884.280029,763961000
2014-12-09,881.479980,884.219971,879.729980,880.909973,880.909973,716189100
2014-12-10,890.070007,890.070007,890.070007,890.070007,890.070007,0
2014-12-11,883.479980,890.440002,883.190002,886.489990,886.489990,845092600
2014-12-12,886.099976,892.950012,885.609985,888.020020,888.020020,867503100
2014-12-15,878.890015,881.530029,876.000000,879.130005,879.130005,973143600
2014-12-16,868.909973,869.330017,859.080017,862.080017,862.080017,1776702400
2014-12-17,864.789978,864.789978,864.789978,864.789978,864.789978,0
2014-12-18,881.380005,881.380005,881.380005,881.380005,881.380005,0
2014-12-19,888.539978,892.349976,884.299988,886.070007,886.070007,1341918600
2014-12-22,null,null,null,null,null,null
2014-12-23,null,null,null,null,null,null
2014-12-24,null,null,null,null,null,null
2014-12-29,891.299988,895.140015,890.580017,892.809998,892.809998,0
2014-12-30,892.710022,898.580017,892.299988,898.580017,898.580017,0
2015-01-02,892.710022,903.559998,892.309998,903.130005,903.130005,0
2015-01-05,899.820007,900.849976,895.359985,898.270020,898.270020,0
2015-01-06,889.719971,893.869995,888.200012,888.200012,888.200012,0
2015-01-07,889.849976,898.119995,889.539978,897.510010,897.510010,0
2015-01-08,900.359985,902.289978,898.000000,898.000000,898.000000,0
2015-01-09,901.809998,904.500000,898.159973,898.830017,898.830017,0
2015-01-12,895.309998,899.030029,890.830017,890.830017,890.830017,0
2015-01-13,893.869995,898.650024,893.719971,897.549988,897.549988,0
2015-01-14,898.270020,899.320007,886.940002,886.940002,886.940002,0
2015-01-15,892.190002,894.859985,889.030029,893.690002,893.690002,0
2015-01-16,891.989990,897.419983,885.440002,886.340027,886.340027,0
2015-01-19,887.299988,891.210022,884.179993,887.260010,887.260010,0
2015-01-20,887.840027,890.900024,881.669983,890.900024,890.900024,0
2015-01-21,893.500000,902.830017,890.400024,902.830017,902.830017,0
2015-01-22,902.919983,912.450012,902.760010,910.780029,910.780029,0
2015-01-23,917.869995,926.520020,917.869995,926.520020,926.520020,0
2015-01-26,921.150024,922.830017,901.400024,913.030029,913.030029,0
2015-01-27,911.619995,916.099976,908.510010,916.099976,916.099976,0
2015-01-28,914.849976,915.210022,911.049988,911.690002,911.690002,0
2015-01-29,910.349976,910.929993,907.640015,909.059998,909.059998,0
2015-01-30,916.059998,916.570007,911.729980,912.049988,912.049988,0
2015-02-02,908.960022,911.580017,905.169983,908.390015,908.390015,0
2015-02-03,911.270020,915.609985,910.979980,913.590027,913.590027,0
2015-02-04,919.590027,925.780029,916.390015,920.349976,920.349976,0
2015-02-05,918.789978,919.630005,906.000000,910.940002,910.940002,0
2015-02-06,915.349976,923.890015,914.520020,923.890015,923.890015,1584274800
2015-02-09,926.289978,926.289978,926.289978,926.289978,926.289978,0
2015-02-10,920.909973,920.909973,920.909973,920.909973,920.909973,0
2015-02-11,926.169983,926.169983,926.169983,926.169983,926.169983,0
2015-02-12,928.929993,928.929993,928.929993,928.929993,928.929993,0
2015-02-13,934.130005,937.820007,932.969971,937.820007,937.820007,1104977300
2015-02-16,926.799988,926.799988,926.799988,926.799988,926.799988,0
2015-02-17,929.679993,929.679993,929.679993,929.679993,929.679993,0
2015-02-18,938.590027,948.380005,938.020020,940.409973,940.409973,2015469700
2015-02-20,938.590027,948.510010,938.020020,941.109985,941.109985,1245847300
2015-02-23,942.130005,942.130005,942.130005,942.130005,942.130005,0
2015-02-24,944.460022,944.460022,944.460022,944.460022,944.460022,0
2015-02-25,950.830017,950.830017,950.830017,950.830017,950.830017,0
2015-02-26,951.090027,951.090027,951.090027,951.090027,951.090027,0
2015-02-27,951.169983,952.469971,946.880005,946.880005,946.880005,1046592000
2015-03-02,953.690002,953.690002,953.690002,953.690002,953.690002,0
2015-03-03,953.109985,953.109985,953.109985,953.109985,953.109985,0
2015-03-04,946.510010,946.510010,946.510010,946.510010,946.510010,0
2015-03-05,946.570007,946.570007,946.570007,946.570007,946.570007,0
2015-03-06,950.669983,960.780029,948.960022,960.780029,960.780029,1324021900
2015-03-09,952.960022,953.169983,942.890015,946.549988,946.549988,1094613300
2015-03-10,944.650024,952.359985,937.900024,949.400024,949.400024,1169716200
2015-03-11,943.179993,945.820007,938.950012,941.510010,941.510010,1649304400
2015-03-12,941.169983,948.650024,940.929993,945.049988,945.049988,997894700
2015-03-13,949.630005,950.419983,940.909973,942.349976,942.349976,973531900
2015-03-16,939.570007,949.080017,939.489990,945.520020,945.520020,753363200
2015-03-17,949.960022,951.630005,944.359985,944.989990,944.989990,1130058100
2015-03-18,941.619995,943.919983,940.669983,940.669983,940.669983,1045746900
2015-03-19,948.729980,950.900024,947.090027,949.739990,949.739990,1385963100
2015-03-20,944.500000,950.239990,942.299988,946.859985,946.859985,1387941900
2015-03-23,950.099976,952.409973,947.000000,947.000000,947.000000,850958200
2015-03-24,947.880005,950.830017,945.969971,947.820007,947.820007,955296500
2015-03-25,945.299988,946.049988,938.250000,939.369995,939.369995,1083593700
2015-03-26,933.159973,941.900024,930.820007,932.010010,932.010010,1189702300
2015-03-27,927.940002,938.909973,927.159973,937.510010,937.510010,848375500
2015-03-30,942.190002,953.419983,941.450012,946.460022,946.460022,947031100
2015-03-31,959.750000,962.719971,956.380005,961.940002,961.940002,1326725600
2015-04-01,961.460022,964.150024,949.020020,951.799988,951.799988,949382700
2015-04-02,955.179993,957.229980,944.770020,949.219971,949.219971,1118253700
2015-04-06,952.090027,956.429993,951.539978,953.820007,953.820007,681299900
2015-04-07,959.479980,962.929993,959.020020,962.030029,962.030029,907065900
2015-04-08,959.659973,960.659973,951.760010,953.489990,953.489990,853123600
2015-04-09,955.510010,955.880005,951.400024,955.880005,955.880005,582197400
2015-04-10,956.729980,957.570007,948.989990,953.210022,953.210022,659400900
2015-04-13,950.260010,951.809998,944.429993,948.539978,948.539978,782783200
2015-04-14,946.280029,946.929993,936.489990,940.239990,940.239990,888534500
2015-04-15,942.039978,942.609985,935.059998,940.619995,940.619995,766141300
2015-04-16,942.229980,943.760010,937.919983,942.229980,942.229980,870383100
2015-04-17,941.539978,943.789978,938.760010,938.760010,938.760010,811458400
2015-04-20,937.770020,938.349976,933.549988,937.150024,937.150024,691386000
2015-04-21,938.630005,952.000000,938.239990,952.000000,952.000000,824888300
2015-04-22,949.940002,952.010010,946.500000,948.059998,948.059998,742249600
2015-04-23,949.229980,954.710022,948.099976,948.840027,948.840027,878036100
2015-04-24,952.799988,955.760010,947.940002,950.479980,950.479980,728493400
2015-04-27,941.140015,942.369995,907.450012,910.650024,910.650024,1323965200
2015-04-28,901.929993,908.650024,892.840027,908.650024,908.650024,1090127500
2015-04-29,905.450012,907.099976,858.280029,877.289978,877.289978,1594227900
2015-04-30,872.809998,887.289978,859.450012,869.440002,869.440002,1652506600
2015-05-04,872.809998,892.270020,859.450012,885.020020,885.020020,1167228300
2015-05-05,888.229980,899.880005,883.619995,892.719971,892.719971,1161907700
2015-05-06,885.969971,897.700012,882.989990,897.700012,897.700012,901211000
2015-05-07,890.179993,898.580017,886.570007,890.039978,890.039978,1098586600
2015-05-08,896.469971,902.630005,896.260010,898.320007,898.320007,1046165800
2015-05-11,903.039978,905.270020,897.400024,897.400024,897.400024,719490800
2015-05-12,898.280029,907.690002,897.380005,902.239990,902.239990,940888500
2015-05-13,905.169983,913.359985,900.739990,910.979980,910.979980,1441037600
2015-05-15,912.580017,915.020020,903.809998,906.729980,906.729980,1103201300
2015-05-18,905.539978,909.309998,904.140015,909.119995,909.119995,920454600
2015-05-19,908.890015,917.150024,904.450012,915.700012,915.700012,886788700
2015-05-20,920.489990,926.630005,917.549988,922.330017,922.330017,1000246400
2015-05-21,926.710022,933.789978,919.000000,927.390015,927.390015,1029731700
2015-05-22,929.109985,931.020020,922.750000,926.599976,926.599976,639707100
2015-05-25,925.250000,925.590027,920.520020,920.919983,920.919983,495085700
2015-05-26,920.080017,934.119995,919.760010,927.750000,927.750000,0
2015-05-27,921.479980,926.979980,912.929993,912.929993,912.929993,851171100
2015-05-28,915.450012,918.090027,908.210022,910.219971,910.219971,798009100
2015-05-29,908.419983,913.820007,904.130005,904.130005,904.130005,1797917300
2015-06-01,903.049988,904.780029,898.070007,904.780029,904.780029,544420100
2015-06-03,901.599976,902.700012,885.919983,887.200012,887.200012,1044838500
2015-06-04,884.919983,889.419983,879.330017,879.330017,879.330017,670286500
2015-06-05,875.710022,881.229980,874.210022,881.229980,881.229980,637827500
2015-06-08,877.599976,878.309998,861.969971,863.429993,863.429993,749319100
2015-06-09,860.179993,860.270020,830.179993,838.750000,838.750000,1132380600
2015-06-10,842.530029,856.200012,842.090027,846.679993,846.679993,1024665700
2015-06-11,856.270020,857.239990,840.409973,844.729980,844.729980,719062700
2015-06-12,846.020020,848.599976,843.159973,846.059998,846.059998,591524700
2015-06-15,843.359985,843.419983,825.119995,825.119995,825.119995,609942500
2015-06-16,827.559998,839.229980,823.390015,834.320007,834.320007,786042000
2015-06-17,839.940002,853.750000,839.940002,850.179993,850.179993,902616600
2015-06-18,850.739990,854.580017,848.039978,850.580017,850.580017,711593200
2015-06-19,853.989990,859.359985,853.989990,857.650024,857.650024,729972500
2015-06-22,859.450012,859.450012,851.750000,851.840027,851.840027,682864800
2015-06-23,853.789978,855.340027,846.549988,846.549988,846.549988,623976200
2015-06-24,850.530029,854.500000,846.369995,849.479980,849.479980,976686600
2015-06-25,847.080017,847.330017,840.900024,840.900024,840.900024,1071291500
2015-06-26,840.130005,846.630005,836.200012,842.369995,842.369995,703532200
2015-06-29,835.530029,837.520020,829.770020,834.849976,834.849976,684322600
2015-06-30,836.080017,846.380005,833.440002,839.140015,839.140015,844391200
2015-07-01,842.570007,844.869995,837.419983,837.419983,837.419983,626951200
2015-07-02,840.070007,852.989990,840.030029,848.909973,848.909973,931638800
2015-07-03,847.760010,857.039978,847.070007,857.039978,857.039978,781322400
2015-07-06,847.640015,852.080017,842.250000,843.010010,843.010010,746650500
2015-07-07,843.409973,845.260010,836.770020,839.869995,839.869995,754682900
2015-07-08,841.549988,841.549988,829.690002,831.640015,831.640015,1060721600
2015-07-09,826.080017,827.979980,818.500000,824.729980,824.729980,774587700
2015-07-10,830.030029,834.799988,825.950012,829.820007,829.820007,899319100
2015-07-13,830.809998,838.159973,829.309998,837.539978,837.539978,684015200
2015-07-14,841.109985,844.869995,836.960022,839.409973,839.409973,0
2015-07-15,837.659973,838.349976,829.239990,832.880005,832.880005,631352700
2015-07-22,837.450012,842.590027,830.380005,842.590027,842.590027,1015151100
2015-07-23,840.169983,843.640015,837.960022,839.789978,839.789978,622805800
2015-07-24,836.700012,837.090027,827.020020,828.390015,828.390015,584027600
2015-07-27,822.390015,826.700012,808.520020,808.520020,808.520020,685634800
2015-07-28,802.400024,803.000000,796.440002,796.440002,796.440002,866799000
2015-07-29,801.320007,807.450012,796.059998,796.059998,796.059998,871940400
2015-07-30,800.960022,803.840027,793.250000,793.250000,793.250000,841819700
2015-07-31,795.599976,813.359985,795.450012,813.099976,813.099976,1028896900
2015-08-03,806.830017,817.000000,806.469971,815.049988,815.049988,1041965300
2015-08-04,810.950012,816.590027,809.919983,810.979980,810.979980,1235441300
2015-08-05,812.340027,827.549988,810.760010,827.549988,827.549988,1771337600
2015-08-06,828.940002,832.150024,818.890015,818.890015,818.890015,1087966900
2015-08-07,817.630005,817.940002,809.950012,811.460022,811.460022,684601900
2015-08-10,809.179993,810.039978,800.559998,807.909973,807.909973,877375900
2015-08-11,811.669983,813.229980,781.109985,781.109985,781.109985,1277626100
2015-08-12,768.179993,768.179993,747.809998,752.320007,752.320007,1573950100
2015-08-13,752.770020,779.650024,752.770020,775.119995,775.119995,1620334800
2015-08-14,775.960022,778.820007,769.530029,776.460022,776.460022,1171579600
2015-08-18,773.119995,774.849976,761.590027,761.590027,761.590027,1088941300
2015-08-19,759.460022,765.750000,753.880005,756.400024,756.400024,945603200
2015-08-20,752.890015,753.760010,744.820007,747.940002,747.940002,878655100
2015-08-21,737.630005,737.630005,727.229980,727.229980,727.229980,1129759200
2015-08-24,702.989990,703.150024,682.440002,692.210022,692.210022,1410362300
2015-08-25,696.940002,725.320007,696.890015,708.260010,708.260010,1816062400
2015-08-26,701.179993,712.770020,694.460022,710.799988,710.799988,1401357200
2015-08-27,725.650024,756.150024,725.650024,754.830017,754.830017,1838935100
2015-08-28,767.500000,771.830017,754.169983,757.070007,757.070007,1518609500
2015-08-31,757.270020,771.429993,755.969971,770.809998,770.809998,1233750300
2015-09-01,764.309998,764.460022,748.580017,748.979980,748.979980,1003808200
2015-09-02,737.539978,750.270020,734.659973,746.109985,746.109985,1075278300
2015-09-03,752.929993,755.409973,745.880005,753.169983,753.169983,960255900
2015-09-04,750.450012,753.239990,747.500000,749.849976,749.849976,691747500
2015-09-07,745.210022,745.390015,722.630005,723.929993,723.929993,750655600
2015-09-08,719.020020,728.780029,715.710022,726.630005,726.630005,1156435600
2015-09-09,734.030029,738.250000,727.780029,732.229980,732.229980,1442088400
2015-09-10,723.380005,731.489990,718.659973,731.489990,731.489990,1021644000
2015-09-11,736.659973,740.609985,735.489990,736.359985,736.359985,812126200
2015-09-14,740.900024,743.369995,737.590027,743.369995,743.369995,626388200
2015-09-15,738.900024,739.679993,730.840027,732.619995,732.619995,643791500
2015-09-16,735.950012,737.760010,727.830017,728.940002,728.940002,768254000
2015-09-17,732.400024,741.700012,731.140015,740.969971,740.969971,978554200
2015-09-18,742.169983,747.030029,734.390015,740.380005,740.380005,1317798000
2015-09-21,733.219971,739.289978,731.270020,737.190002,737.190002,554492000
2015-09-22,738.349976,739.989990,728.340027,729.919983,729.919983,867735500
2015-09-23,720.890015,720.940002,706.849976,707.859985,707.859985,923571200
2015-09-25,709.479980,709.520020,696.109985,699.369995,699.369995,1097523900
2015-09-28,696.429993,696.869995,680.299988,680.299988,680.299988,926042300
2015-09-29,667.520020,696.710022,660.809998,696.710022,696.710022,1060657100
2015-09-30,699.539978,707.320007,694.020020,704.979980,704.979980,1107794700
2015-10-01,706.900024,716.679993,705.659973,711.770020,711.770020,942353200
2015-10-02,708.979980,712.750000,701.320007,701.320007,701.320007,692915400
2015-10-05,710.409973,735.080017,709.799988,733.700012,733.700012,1231198700
2015-10-06,743.330017,762.809998,743.330017,759.309998,759.309998,1850039700
2015-10-07,762.659973,768.250000,751.159973,767.080017,767.080017,1476031300
2015-10-08,770.909973,777.719971,767.469971,768.549988,768.549988,1089294800
2015-10-09,780.609985,795.229980,780.609985,788.950012,788.950012,1646385200
2015-10-12,790.880005,799.320007,790.650024,796.869995,796.869995,1155065000
2015-10-13,794.609985,794.669983,763.119995,763.119995,763.119995,1234520200
2015-10-15,770.849976,780.090027,770.070007,770.070007,770.070007,884311600
2015-10-16,775.989990,778.710022,768.469971,772.270020,772.270020,894490200
2015-10-19,775.559998,785.549988,775.400024,785.390015,785.390015,863655300
2015-10-20,784.619995,794.299988,783.270020,788.909973,788.909973,1188289600
2015-10-21,791.820007,802.140015,790.969971,793.780029,793.780029,1118497900
2015-10-22,795.969971,796.580017,788.549988,789.510010,789.510010,925942000
2015-10-23,807.109985,810.409973,797.260010,804.739990,804.739990,1535616900
2015-10-26,812.419983,814.849976,809.840027,812.900024,812.900024,1211403200
2015-10-27,806.429993,810.729980,797.580017,810.729980,810.729980,1020915000
2015-10-28,803.890015,806.190002,793.289978,795.979980,795.979980,905684400
2015-10-29,794.140015,794.989990,765.340027,765.530029,765.530029,1062727200
2015-10-30,763.210022,768.039978,759.549988,759.729980,759.729980,1059090900
2015-11-02,756.460022,764.140015,752.130005,762.409973,762.409973,909717700
2015-11-03,777.530029,777.530029,777.530029,777.530029,777.530029,0
2015-11-04,794.640015,794.640015,794.640015,794.640015,794.640015,0
2015-11-05,787.010010,787.010010,787.010010,787.010010,787.010010,0
2015-11-06,789.469971,792.679993,783.830017,783.830017,783.830017,605608800
2015-11-09,767.989990,767.989990,767.989990,767.989990,767.989990,0
2015-11-10,754.700012,754.700012,754.700012,754.700012,754.700012,0
2015-11-11,756.710022,756.710022,756.710022,756.710022,756.710022,0
2015-11-12,759.330017,759.330017,759.330017,759.330017,759.330017,0
2015-11-13,754.020020,767.159973,752.590027,762.890015,762.890015,700823400
2015-11-16,756.479980,756.479980,756.479980,756.479980,756.479980,0
2015-11-17,770.950012,770.950012,770.950012,770.950012,770.950012,0
2015-11-18,773.369995,773.369995,773.369995,773.369995,773.369995,0
2015-11-19,778.059998,778.059998,778.059998,778.059998,778.059998,0
2015-11-20,774.549988,787.450012,774.390015,787.450012,787.450012,955950800
2015-11-23,780.549988,780.549988,780.549988,780.549988,780.549988,0
2015-11-24,781.330017,781.330017,781.330017,781.330017,781.330017,0
2015-11-25,790.299988,790.299988,790.299988,790.299988,790.299988,0
2015-11-26,795.179993,795.179993,795.179993,795.179993,795.179993,0
2015-11-27,795.719971,797.929993,782.659973,787.039978,787.039978,624915600
2015-11-30,755.460022,755.460022,755.460022,755.460022,755.460022,0
2015-12-01,785.640015,785.640015,785.640015,785.640015,785.640015,0
2015-12-02,784.989990,784.989990,784.989990,784.989990,784.989990,0
2015-12-03,783.840027,783.840027,783.840027,783.840027,783.840027,0
2015-12-04,777.260010,783.859985,775.929993,777.479980,777.479980,761510300
2015-12-07,781.229980,781.229980,781.229980,781.229980,781.229980,0
2015-12-08,774.010010,780.929993,767.739990,767.739990,767.739990,893855100
2015-12-09,null,null,null,null,null,null
2015-12-10,767.429993,767.429993,767.429993,767.429993,767.429993,0
2015-12-11,768.849976,769.229980,751.640015,751.640015,751.640015,764955500
2015-12-14,748.119995,748.119995,748.119995,748.119995,748.119995,0
2015-12-15,756.369995,756.369995,756.369995,756.369995,756.369995,0
2015-12-16,773.049988,773.049988,773.049988,773.049988,773.049988,0
2015-12-17,790.960022,790.960022,790.960022,790.960022,790.960022,0
2015-12-18,778.549988,779.469971,770.859985,770.859985,770.859985,852400700
2015-12-21,775.450012,775.450012,775.450012,775.450012,775.450012,0
2015-12-22,779.150024,779.150024,779.150024,779.150024,779.150024,0
2015-12-23,778.270020,780.270020,773.030029,778.109985,778.109985,665741100
2015-12-28,785.469971,785.469971,785.469971,785.469971,785.469971,0
2015-12-29,787.900024,787.900024,787.900024,787.900024,787.900024,0
2015-12-30,789.229980,797.669983,789.099976,792.030029,792.030029,957909000
2016-01-04,782.200012,782.200012,782.200012,782.200012,782.200012,0
2016-01-05,789.619995,789.619995,789.619995,789.619995,789.619995,0
2016-01-06,802.130005,802.130005,802.130005,802.130005,802.130005,0
2016-01-07,785.799988,785.799988,785.799988,785.799988,785.799988,0
2016-01-08,784.210022,791.369995,780.809998,790.059998,790.059998,1108408300
2016-01-11,773.440002,773.440002,773.440002,773.440002,773.440002,0
2016-01-12,786.919983,786.919983,786.919983,786.919983,786.919983,0
2016-01-13,793.549988,797.380005,791.630005,793.299988,793.299988,0
2016-01-14,780.700012,791.409973,774.780029,786.419983,786.419983,0
2016-01-15,788.059998,792.549988,784.219971,784.219971,784.219971,802490100
2016-01-18,776.219971,776.219971,776.219971,776.219971,776.219971,0
2016-01-19,782.429993,782.429993,782.429993,782.429993,782.429993,0
2016-01-20,769.130005,769.130005,769.130005,769.130005,769.130005,0
2016-01-21,767.900024,767.900024,767.900024,767.900024,767.900024,0
2016-01-22,777.070007,779.309998,770.359985,779.309998,779.309998,1199236200
2016-01-25,786.070007,786.070007,786.070007,786.070007,786.070007,0
2016-01-26,782.919983,782.919983,782.919983,782.919983,782.919983,0
2016-01-27,793.979980,793.979980,793.979980,793.979980,793.979980,0
2016-01-28,795.020020,795.020020,795.020020,795.020020,795.020020,0
2016-01-29,797.599976,801.109985,789.820007,799.989990,799.989990,1455762700
2016-02-01,803.030029,803.030029,803.030029,803.030029,803.030029,0
2016-02-02,793.450012,793.450012,793.450012,793.450012,793.450012,0
2016-02-03,796.809998,796.809998,796.809998,796.809998,796.809998,0
2016-02-04,813.750000,813.750000,813.750000,813.750000,813.750000,0
2016-02-05,815.909973,843.950012,815.760010,843.950012,843.950012,2099781900
2016-02-09,838.239990,838.239990,838.239990,838.239990,838.239990,0
2016-02-10,829.640015,829.640015,829.640015,829.640015,829.640015,0
2016-02-11,839.020020,839.020020,839.020020,839.020020,839.020020,0
2016-02-12,834.549988,837.679993,824.739990,825.340027,825.340027,1191550800
2016-02-15,831.059998,831.059998,831.059998,831.059998,831.059998,0
2016-02-16,831.119995,831.119995,831.119995,831.119995,831.119995,0
2016-02-17,835.530029,835.530029,835.530029,835.530029,835.530029,0
2016-02-18,838.789978,838.789978,838.789978,838.789978,838.789978,0
2016-02-19,830.280029,834.380005,817.289978,820.390015,820.390015,1681231200
2016-02-22,822.559998,822.559998,822.559998,822.559998,822.559998,0
2016-02-23,810.390015,810.390015,810.390015,810.390015,810.390015,0
2016-02-24,811.000000,811.000000,811.000000,811.000000,811.000000,0
2016-02-25,816.979980,817.570007,809.179993,811.289978,811.289978,0
2016-02-26,820.530029,829.049988,818.210022,828.179993,828.179993,1082703500
2016-02-29,834.739990,834.739990,834.739990,834.739990,834.739990,0
2016-03-01,837.140015,837.140015,837.140015,837.140015,837.140015,0
2016-03-02,848.349976,848.349976,848.349976,848.349976,848.349976,0
2016-03-03,849.570007,849.570007,849.570007,849.570007,849.570007,0
2016-03-04,849.679993,852.750000,837.710022,848.609985,848.609985,1200809500
2016-03-07,842.590027,842.590027,842.590027,842.590027,842.590027,0
2016-03-08,842.460022,844.940002,830.280029,838.559998,838.559998,1450509900
2016-03-10,834.309998,834.309998,834.309998,834.309998,834.309998,0
2016-03-11,832.099976,838.609985,830.140015,838.609985,838.609985,1363842400
2016-03-14,844.840027,852.169983,842.479980,852.140015,852.140015,1566834600
2016-03-15,852.960022,853.659973,844.099976,846.409973,846.409973,1502877900
2016-03-16,846.119995,849.070007,843.140015,849.070007,849.070007,1582759000
2016-03-17,854.429993,856.869995,849.650024,853.650024,853.650024,1546330800
2016-03-18,854.690002,857.690002,846.770020,852.099976,852.099976,2036901300
2016-03-21,848.539978,856.869995,848.510010,852.590027,852.590027,1206355700
2016-03-22,849.070007,851.590027,841.109985,845.630005,845.630005,1094272400
2016-03-23,844.159973,844.210022,838.159973,843.789978,843.789978,1192946900
2016-03-24,839.460022,843.140015,836.419983,838.559998,838.559998,1216233000
2016-03-28,834.150024,835.570007,824.890015,827.539978,827.539978,1084836200
2016-03-29,826.039978,829.950012,824.409973,829.320007,829.320007,1109908800
2016-03-30,833.219971,839.719971,830.750000,835.489990,835.489990,1738229000
2016-03-31,838.070007,841.229980,833.869995,840.349976,840.349976,1470057100
2016-04-01,839.859985,840.299988,834.770020,840.299988,840.299988,1032943000
2016-04-04,839.549988,845.630005,839.450012,842.960022,842.960022,1356630600
2016-04-05,842.630005,851.349976,841.419983,845.479980,845.479980,1172603200
2016-04-06,846.710022,849.409973,845.969971,845.969971,845.969971,931076200
2016-04-07,850.059998,852.059998,843.539978,845.530029,845.530029,1688621500
2016-04-08,838.729980,843.739990,836.159973,839.710022,839.710022,1781076900
2016-04-11,836.419983,838.859985,822.080017,826.320007,826.320007,1160196000
2016-04-12,826.669983,835.989990,823.799988,835.989990,835.989990,1103261200
2016-04-13,840.280029,842.349976,834.359985,839.460022,839.460022,1445986900
2016-04-14,844.200012,844.400024,831.559998,831.559998,831.559998,1239143800
2016-04-15,836.500000,836.890015,827.099976,834.609985,834.609985,1146953100
2016-04-18,831.900024,844.909973,829.520020,844.909973,844.909973,1326208700
2016-04-19,847.359985,849.409973,844.409973,847.640015,847.640015,1730026600
2016-04-20,846.239990,847.869995,841.190002,845.700012,845.700012,1500250400
2016-04-21,847.750000,852.059998,847.460022,850.580017,850.580017,1319861100
2016-04-22,849.510010,853.719971,845.390015,852.869995,852.869995,1025979400
2016-04-25,854.260010,854.260010,842.080017,845.650024,845.650024,1172851100
2016-04-26,842.520020,842.580017,826.700012,830.830017,830.830017,1396723700
2016-04-27,829.250000,835.289978,827.320007,835.289978,835.289978,985571300
2016-04-28,839.309998,842.200012,830.909973,834.409973,834.409973,1272161100
2016-04-29,832.179993,832.849976,827.739990,832.510010,832.510010,1271739700
2016-05-02,830.140015,831.590027,818.880005,826.619995,826.619995,925025000
2016-05-03,829.250000,831.900024,825.830017,827.190002,827.190002,1015499200
2016-05-04,826.299988,830.979980,818.080017,830.979980,830.979980,1218747100
2016-05-09,827.510010,828.849976,815.200012,815.200012,815.200012,1423702000
2016-05-10,815.260010,819.559998,811.580017,819.450012,819.450012,1342866800
2016-05-11,823.900024,830.159973,820.179993,826.719971,826.719971,1119898600
2016-05-12,825.679993,831.200012,824.580017,825.609985,825.609985,953085100
2016-05-13,825.090027,825.640015,812.909973,817.030029,817.030029,1038091200
2016-05-16,813.020020,813.750000,807.030029,809.130005,809.130005,1121559400
2016-05-17,810.510010,811.609985,805.840027,808.479980,808.479980,1057189000
2016-05-18,806.690002,811.679993,805.210022,809.820007,809.820007,1159145000
2016-05-19,809.599976,810.659973,800.059998,801.929993,801.929993,1356004600
2016-05-20,800.640015,807.770020,799.210022,805.150024,805.150024,1186530600
2016-05-23,805.849976,812.130005,805.849976,811.960022,811.960022,833666600
2016-05-24,810.599976,813.549988,806.349976,806.349976,806.349976,1272109700
2016-05-25,819.210022,819.210022,819.210022,819.210022,819.210022,0
2016-05-26,820.340027,821.219971,816.070007,820.859985,820.859985,1042141400
2016-05-27,820.340027,826.799988,818.929993,826.299988,826.299988,955104300
2016-05-30,827.359985,832.859985,826.820007,828.809998,828.809998,1023996900
2016-05-31,828.239990,828.679993,819.289978,820.010010,820.010010,1839526500
2016-06-01,821.250000,831.599976,820.859985,829.429993,829.429993,1138430500
2016-06-02,828.650024,833.369995,827.559998,827.559998,827.559998,1282770200
2016-06-03,830.570007,832.729980,827.760010,830.940002,830.940002,925260400
2016-06-06,833.080017,841.229980,832.359985,841.229980,841.229980,0
2016-06-07,844.250000,848.950012,844.030029,848.950012,848.950012,1547279900
2016-06-08,847.489990,849.849976,839.210022,844.789978,844.789978,1341812200
2016-06-09,844.030029,844.919983,834.929993,834.929993,834.929993,1425816100
2016-06-10,836.280029,837.570007,827.489990,827.489990,827.489990,868579600
2016-06-13,825.010010,825.700012,819.760010,819.760010,819.760010,690525200
2016-06-14,817.369995,825.190002,816.570007,823.039978,823.039978,813356400
2016-06-15,820.469971,821.270020,815.619995,820.159973,820.159973,1077163100
2016-06-16,821.260010,823.219971,817.559998,820.419983,820.419983,1257149700
2016-06-17,823.239990,825.750000,817.820007,824.580017,824.580017,1525759300
2016-06-20,828.200012,829.929993,822.229980,829.929993,829.929993,1161754500
2016-06-21,832.390015,835.479980,830.359985,832.789978,832.789978,1739850500
2016-06-22,832.330017,836.630005,832.330017,835.929993,835.929993,1690709000
2016-06-23,835.919983,836.559998,826.909973,831.000000,831.000000,1204739600
2016-06-24,831.929993,833.719971,807.880005,824.619995,824.619995,1627698600
2016-06-27,817.020020,825.919983,815.700012,822.989990,822.989990,1135248800
2016-06-28,823.010010,836.419983,822.929993,833.849976,833.849976,1707515000
2016-06-29,839.780029,855.679993,839.780029,855.679993,855.679993,1665632200
2016-06-30,860.609985,865.159973,857.890015,860.719971,860.719971,1664462200
2016-07-01,863.450012,865.070007,850.299988,850.520020,850.520020,1027009700
2016-07-11,862.890015,875.169983,861.909973,872.250000,872.250000,1897339000
2016-07-12,878.020020,883.280029,871.469971,877.169983,877.169983,1756471400
2016-07-13,880.520020,885.710022,875.770020,885.710022,885.710022,1656486400
2016-07-14,883.650024,884.409973,871.849976,872.219971,872.219971,1519476300
2016-07-15,873.890015,880.760010,873.080017,877.489990,877.489990,1333187900
2016-07-18,876.919983,881.440002,872.390015,880.570007,880.570007,1494216400
2016-07-19,881.909973,895.320007,881.719971,891.049988,891.049988,1742063400
2016-07-20,894.229980,905.849976,894.229980,905.849976,905.849976,1294847700
2016-07-21,906.710022,909.179993,898.859985,898.859985,898.859985,1568614000
2016-07-22,898.409973,898.489990,889.640015,894.630005,894.630005,1093471300
2016-07-25,895.669983,901.119995,894.780029,900.150024,900.150024,1027743600
2016-07-26,899.510010,903.760010,896.320007,902.200012,902.200012,1092925700
2016-07-27,907.429993,917.799988,907.429993,910.780029,910.780029,1659854500
2016-07-28,911.809998,914.000000,905.280029,913.710022,913.710022,0
2016-07-29,914.130005,921.169983,892.840027,892.840027,892.840027,1574356900
2016-08-01,908.950012,928.030029,908.780029,926.099976,926.099976,1699424900
2016-08-02,924.929993,929.280029,923.840027,926.909973,926.909973,1473025300
2016-08-03,925.469971,926.849976,916.000000,920.729980,920.729980,1327178100
2016-08-04,924.020020,927.349976,920.869995,924.789978,924.789978,1392481700
2016-08-05,926.349976,934.690002,926.010010,932.190002,932.190002,1772277300
2016-08-08,935.820007,940.770020,933.330017,940.770020,940.770020,1469375500
2016-08-09,941.000000,944.219971,933.390015,936.330017,936.330017,1723605600
2016-08-10,936.200012,938.690002,927.200012,931.190002,931.190002,1825266400
2016-08-11,934.739990,937.710022,923.960022,929.140015,929.140015,1909609900
2016-08-12,932.590027,935.349976,919.479980,921.520020,921.520020,1384407800
2016-08-15,924.739990,925.640015,907.530029,912.059998,912.059998,2357827800
2016-08-16,917.419983,925.099976,916.530029,922.919983,922.919983,1597775300
2016-08-18,926.919983,942.440002,926.400024,942.440002,942.440002,2141732700
2016-08-19,944.090027,944.609985,931.409973,931.409973,931.409973,1847772200
2016-08-22,933.880005,935.400024,927.359985,933.950012,933.950012,1357809500
2016-08-23,935.669983,936.559998,918.419983,932.239990,932.239990,2032053500
2016-08-24,929.640015,932.650024,925.460022,929.020020,929.020020,1597896300
2016-08-25,931.530029,941.309998,931.179993,941.309998,941.309998,1803067500
2016-08-26,941.299988,941.380005,933.299988,937.590027,937.590027,1592437900
2016-08-29,934.150024,934.260010,918.099976,923.989990,923.989990,1703121000
2016-08-30,923.440002,927.140015,917.789978,922.960022,922.960022,1909137000
2016-08-31,921.159973,929.700012,920.669983,924.960022,924.960022,2135413700
2016-09-01,920.549988,922.729980,912.549988,915.770020,915.770020,1712543200
2016-09-02,913.020020,920.909973,912.520020,919.340027,919.340027,1367854100
2016-09-05,925.650024,928.309998,918.989990,920.140015,920.140015,1637751100
2016-09-06,921.659973,926.200012,918.159973,926.200012,926.200012,1803317800
2016-09-07,928.739990,930.159973,922.229980,927.890015,927.890015,1629536500
2016-09-08,928.320007,928.369995,923.750000,924.859985,924.859985,1712152100
2016-09-09,920.909973,921.549988,906.479980,906.479980,906.479980,1685339200
2016-09-13,902.510010,904.159973,895.000000,895.479980,895.479980,2066885600
2016-09-14,888.659973,888.659973,879.590027,881.380005,881.380005,2789113600
2016-09-15,885.070007,908.669983,883.599976,907.429993,907.429993,2499552900
2016-09-16,912.849976,915.679993,904.140015,907.590027,907.590027,2539858300
2016-09-19,912.960022,922.520020,912.130005,919.210022,919.210022,1737926100
2016-09-20,919.580017,921.690002,913.940002,915.719971,915.719971,2025000600
2016-09-21,914.059998,923.479980,908.479980,921.340027,921.340027,2568999700
2016-09-22,931.340027,936.200012,928.010010,930.580017,930.580017,2368369200
2016-09-23,929.429993,933.369995,924.530029,933.369995,933.369995,2374657900
2016-09-26,929.909973,930.080017,921.109985,924.849976,924.849976,1965664500
2016-09-27,920.929993,940.640015,911.090027,940.640015,940.640015,2783537900
2016-09-28,933.369995,942.150024,931.070007,939.859985,939.859985,2790491800
2016-09-29,944.260010,948.739990,939.690002,939.690002,939.690002,3121011600
2016-09-30,934.760010,941.109985,922.200012,922.200012,922.200012,2882144600
2016-10-03,932.039978,943.820007,932.039978,943.820007,943.820007,2311943400
2016-10-04,946.770020,947.789978,942.780029,946.530029,946.530029,2466212900
2016-10-05,942.919983,943.770020,931.619995,935.609985,935.609985,2999946000
2016-10-06,937.580017,941.400024,930.229980,933.750000,933.750000,3156923700
2016-10-07,932.369995,933.229980,922.340027,924.820007,924.820007,2297493300
2016-10-10,923.270020,928.440002,917.659973,919.369995,919.369995,2000657000
2016-10-11,922.359985,924.710022,916.159973,924.640015,924.640015,2874499500
2016-10-12,920.190002,924.429993,917.210022,920.200012,920.200012,2850087400
2016-10-13,921.109985,924.609985,916.130005,917.270020,917.270020,2637109000
2016-10-14,916.849976,933.179993,914.809998,931.429993,931.429993,3184106700
2016-10-17,929.179993,935.640015,927.590027,933.250000,933.250000,2613198600
2016-10-18,936.869995,940.909973,936.409973,936.599976,936.599976,2951933500
2016-10-19,938.169983,939.280029,930.000000,931.270020,931.270020,3138973800
2016-10-20,931.400024,934.080017,928.640015,929.820007,929.820007,3218668600
2016-10-21,930.710022,932.179993,927.929993,930.460022,930.460022,2655144200
2016-10-24,932.030029,934.739990,929.929993,929.929993,929.929993,2590216400
2016-10-25,931.219971,932.849976,924.869995,924.869995,924.869995,1940792200
2016-10-26,922.320007,925.049988,920.789978,922.690002,922.690002,2090774000
2016-10-27,924.210022,927.950012,923.510010,927.530029,927.530029,2682831500
2016-10-28,926.940002,929.469971,925.190002,926.419983,926.419983,2546500200
2016-10-31,927.260010,930.169983,924.880005,927.099976,927.099976,2169781700
2016-11-01,929.169983,930.500000,925.570007,925.570007,925.570007,2319275200
2016-11-02,925.320007,927.559998,922.150024,924.820007,924.820007,2658844000
2016-11-03,922.409973,923.219971,907.340027,907.340027,907.340027,2767927100
2016-11-04,902.619995,913.460022,901.210022,913.460022,913.460022,2503023600
2016-11-07,917.419983,917.419983,917.419983,917.419983,917.419983,0
2016-11-08,934.849976,934.849976,934.849976,934.849976,934.849976,0
2016-11-09,921.450012,921.450012,921.450012,921.450012,921.450012,0
2016-11-10,926.219971,926.219971,926.219971,926.219971,926.219971,0
2016-11-11,908.659973,908.679993,878.309998,878.309998,878.309998,4080952100
2016-11-14,854.919983,854.919983,854.919983,854.919983,854.919983,0
2016-11-15,849.070007,849.070007,849.070007,849.070007,849.070007,0
2016-11-16,870.049988,870.049988,870.049988,870.049988,870.049988,0
2016-11-17,870.710022,870.710022,870.710022,870.710022,870.710022,0
2016-11-18,871.229980,871.570007,859.570007,867.559998,867.559998,2231076000
2016-11-21,862.039978,862.039978,862.039978,862.039978,862.039978,0
2016-11-22,870.909973,870.909973,870.909973,870.909973,870.909973,0
2016-11-23,873.219971,873.219971,873.219971,873.219971,873.219971,0
2016-11-24,864.960022,868.710022,849.979980,851.489990,851.489990,0
2016-11-25,848.840027,855.419983,848.729980,853.840027,853.840027,2566205900
2016-11-28,852.239990,852.239990,852.239990,852.239990,852.239990,0
2016-11-29,856.109985,856.109985,856.109985,856.109985,856.109985,0
2016-11-30,857.250000,857.250000,857.250000,857.250000,857.250000,0
2016-12-01,869.690002,869.690002,869.690002,869.690002,869.690002,0
2016-12-02,872.000000,881.469971,870.359985,880.570007,880.570007,2534792200
2016-12-05,885.179993,885.179993,885.179993,885.179993,885.179993,0
2016-12-06,884.280029,884.280029,884.280029,884.280029,884.280029,0
2016-12-07,881.289978,881.289978,881.289978,881.289978,881.289978,0
2016-12-08,889.669983,889.669983,889.669983,889.669983,889.669983,0
2016-12-09,888.109985,890.309998,885.299988,890.309998,890.309998,2082772600
2016-12-13,889.770020,889.770020,889.770020,889.770020,889.770020,0
2016-12-14,882.739990,882.739990,882.739990,882.739990,882.739990,0
2016-12-15,880.690002,880.690002,880.690002,880.690002,880.690002,0
2016-12-16,882.140015,882.609985,873.679993,873.679993,873.679993,2587551400
2016-12-19,865.059998,865.059998,865.059998,865.059998,865.059998,0
2016-12-20,858.489990,858.489990,858.489990,858.489990,858.489990,0
2016-12-21,847.130005,847.130005,847.130005,847.130005,847.130005,0
2016-12-22,833.429993,833.429993,833.429993,833.429993,833.429993,0
2016-12-23,831.770020,838.909973,828.500000,828.750000,828.750000,2313093100
2016-12-27,845.679993,845.679993,845.679993,845.679993,845.679993,0
2016-12-28,867.549988,867.549988,867.549988,867.549988,867.549988,0
2016-12-29,887.549988,887.549988,887.549988,887.549988,887.549988,0
2016-12-30,888.760010,894.849976,884.619995,884.619995,884.619995,2710761400
2017-01-02,null,null,null,null,null,null
2017-01-03,883.250000,883.250000,883.250000,883.250000,883.250000,0
2017-01-04,892.500000,892.500000,892.500000,892.500000,892.500000,0
2017-01-05,897.479980,897.479980,897.479980,897.479980,897.479980,0
2017-01-06,896.530029,902.260010,895.070007,900.099976,900.099976,1874017800
2017-01-09,892.130005,892.130005,892.130005,892.130005,892.130005,0
2017-01-10,892.599976,892.599976,892.599976,892.599976,892.599976,0
2017-01-11,888.809998,888.809998,888.809998,888.809998,888.809998,0
2017-01-12,885.219971,885.219971,885.219971,885.219971,885.219971,0
2017-01-13,886.809998,889.309998,882.520020,882.520020,882.520020,2606244300
2017-01-16,879.530029,879.530029,879.530029,879.530029,879.530029,0
2017-01-17,878.900024,878.900024,878.900024,878.900024,878.900024,0
2017-01-18,885.280029,885.280029,885.280029,885.280029,885.280029,0
2017-01-19,886.479980,886.479980,886.479980,886.479980,886.479980,0
2017-01-20,884.349976,884.869995,873.070007,875.510010,875.510010,2333203900
2017-01-23,875.859985,875.859985,875.859985,875.859985,875.859985,0
2017-01-24,884.169983,884.169983,884.169983,884.169983,884.169983,0
2017-01-25,884.309998,884.309998,884.309998,884.309998,884.309998,0
2017-01-26,889.219971,889.219971,889.219971,889.219971,889.219971,0
2017-01-27,886.010010,889.929993,883.760010,886.619995,886.619995,1807704500
2017-01-30,882.739990,882.739990,882.739990,882.739990,882.739990,0
2017-01-31,877.349976,877.349976,877.349976,877.349976,877.349976,0
2017-02-01,886.250000,886.250000,886.250000,886.250000,886.250000,0
2017-02-02,891.039978,891.039978,891.039978,891.039978,891.039978,0
2017-02-03,891.429993,893.299988,890.330017,893.299988,893.299988,2808213200
2017-02-06,899.479980,899.479980,899.479980,899.479980,899.479980,0
2017-02-07,896.640015,896.640015,896.640015,896.640015,896.640015,0
2017-02-08,893.890015,893.890015,893.890015,893.890015,893.890015,0
2017-02-09,894.450012,894.450012,894.450012,894.450012,894.450012,0
2017-02-10,896.169983,900.130005,893.890015,893.890015,893.890015,4039008700
2017-02-13,900.719971,900.719971,900.719971,900.719971,900.719971,0
2017-02-14,898.969971,899.409973,892.010010,893.719971,893.719971,3079731900
2017-02-15,null,null,null,null,null,null
2017-02-16,894.400024,894.400024,894.400024,894.400024,894.400024,0
2017-02-17,891.609985,892.380005,885.869995,887.400024,887.400024,3065179000
2017-02-20,888.200012,888.200012,888.200012,888.200012,888.200012,0
2017-02-21,886.340027,886.340027,886.340027,886.340027,886.340027,0
2017-02-22,891.780029,891.780029,891.780029,891.780029,891.780029,0
2017-02-23,893.109985,893.109985,893.109985,893.109985,893.109985,0
2017-02-24,892.679993,897.809998,892.150024,895.859985,895.859985,3010928500
2017-02-27,893.760010,893.760010,893.760010,893.760010,893.760010,0
2017-02-28,892.700012,892.700012,892.700012,892.700012,892.700012,0
2017-03-01,887.900024,887.900024,887.900024,887.900024,887.900024,0
2017-03-02,898.130005,898.130005,898.130005,898.130005,898.130005,0
2017-03-03,896.700012,899.059998,892.789978,894.119995,894.119995,4077922500
2017-03-06,898.380005,898.380005,898.380005,898.380005,898.380005,0
2017-03-07,896.619995,896.619995,896.619995,896.619995,896.619995,0
2017-03-08,893.969971,893.969971,893.969971,893.969971,893.969971,0
2017-03-09,896.299988,896.299988,896.299988,896.299988,896.299988,0
2017-03-10,899.440002,899.590027,888.719971,893.359985,893.359985,3781741200
2017-03-13,892.989990,896.289978,891.119995,896.289978,896.289978,2685425800
2017-03-14,897.940002,904.340027,896.989990,900.270020,900.270020,3474698300
2017-03-15,900.799988,903.059998,896.890015,898.429993,898.429993,3706682200
2017-03-16,905.840027,918.080017,905.099976,918.080017,918.080017,3968553100
2017-03-17,923.500000,927.590027,914.179993,922.900024,922.900024,3576649900
2017-03-20,925.900024,929.150024,916.219971,921.330017,921.330017,3721849200
2017-03-21,923.099976,925.450012,919.109985,922.369995,922.369995,2866209000
2017-03-22,914.750000,921.570007,910.299988,921.570007,921.570007,4730823600
2017-03-23,922.960022,930.010010,921.169983,926.400024,926.400024,4089170000
2017-03-24,926.869995,929.570007,922.419983,926.330017,926.330017,3306355300
2017-03-27,924.020020,925.349976,917.559998,919.750000,919.750000,2877942000
2017-03-29,922.659973,931.719971,922.659973,929.989990,929.989990,4385962100
2017-03-30,929.530029,929.530029,929.530029,929.530029,929.530029,0
2017-03-31,928.669983,931.770020,921.530029,921.530029,921.530029,3021766700
2017-04-03,925.349976,933.239990,924.700012,931.000000,931.000000,4518098800
2017-04-04,932.219971,942.349976,931.059998,940.869995,940.869995,2734961500
2017-04-05,944.929993,945.099976,937.539978,943.809998,943.809998,2593352300
2017-04-06,941.630005,944.960022,937.169983,944.960022,944.960022,2771452800
2017-04-07,943.390015,943.840027,936.859985,937.239990,937.239990,2510199300
2017-04-10,939.539978,941.890015,930.960022,934.479980,934.479980,2512093400
2017-04-11,935.390015,936.929993,929.090027,929.419983,929.419983,3428041700
2017-04-12,930.940002,933.820007,930.020020,933.559998,933.559998,2845168500
2017-04-13,937.090027,937.469971,925.900024,926.280029,926.280029,2788017300
2017-04-17,928.309998,930.039978,916.849976,916.849976,916.849976,2562214800
2017-04-18,921.919983,927.580017,921.719971,924.000000,924.000000,2500973100
2017-04-19,null,null,null,null,null,null
2017-04-20,924.840027,926.140015,921.659973,922.710022,922.710022,2296154800
2017-04-21,924.000000,938.179993,923.770020,938.179993,938.179993,3049445000
2017-04-25,944.809998,945.729980,935.539978,941.080017,941.080017,2401441900
2017-04-26,942.659973,950.750000,939.929993,950.750000,950.750000,2235636100
2017-04-27,946.159973,948.950012,943.070007,946.090027,946.090027,3068809300
2017-04-28,948.119995,949.799988,940.760010,940.760010,940.760010,2115611900
2017-05-02,945.419983,946.739990,940.789978,940.789978,940.789978,2252319600
2017-05-03,942.239990,943.070007,936.549988,936.549988,936.549988,2502116100
2017-05-04,938.739990,942.979980,937.320007,942.979980,942.979980,2626611900
2017-05-05,941.890015,948.570007,940.840027,945.969971,945.969971,3307480200
2017-05-08,949.969971,955.210022,947.030029,948.969971,948.969971,2935622500
2017-05-09,954.590027,958.250000,946.190002,946.830017,946.830017,1344600300
2017-05-10,947.059998,950.669983,937.609985,941.940002,941.940002,2393591300
2017-05-12,948.869995,951.919983,945.309998,946.729980,946.729980,2533651200
2017-05-15,950.390015,952.460022,944.400024,952.460022,952.460022,1830449800
2017-05-16,952.820007,953.489990,942.159973,942.159973,942.159973,2143740800
2017-05-17,945.799988,945.940002,933.619995,934.349976,934.349976,2146128200
2017-05-18,928.059998,941.450012,925.739990,941.450012,941.450012,1851675600
2017-05-19,940.969971,981.059998,936.859985,970.400024,970.400024,2239440800
2017-05-22,981.780029,989.030029,959.390015,960.840027,960.840027,2329309200
2017-05-23,966.169983,967.130005,951.030029,959.210022,959.210022,1586207000
2017-05-24,946.080017,953.239990,945.140015,953.239990,953.239990,1600451100
2017-05-26,955.729980,958.650024,952.099976,954.479980,954.479980,2531441300
2017-05-29,957.500000,957.900024,951.580017,953.820007,953.820007,1578899700
2017-05-30,950.909973,957.140015,949.510010,949.510010,949.510010,1877687200
2017-05-31,950.619995,957.700012,950.619995,957.700012,957.700012,3512779600
2017-06-01,null,null,null,null,null,null
2017-06-02,960.530029,961.440002,956.570007,961.409973,961.409973,2128308400
2017-06-05,962.780029,966.679993,959.960022,964.070007,964.070007,1263879300
2017-06-06,962.849976,965.289978,954.599976,956.210022,956.210022,1902848700
2017-06-07,958.500000,961.570007,957.010010,959.260010,959.260010,1186660800
2017-06-08,959.679993,961.119995,956.440002,956.440002,956.440002,1599573700
2017-06-09,955.520020,956.919983,949.140015,950.479980,950.479980,1411818300
2017-06-12,948.770020,959.159973,948.770020,953.630005,953.630005,1032322700
2017-06-13,954.510010,959.359985,954.239990,957.880005,957.880005,1652811100
2017-06-14,957.979980,974.179993,957.940002,974.179993,974.179993,1608576300
2017-06-15,970.000000,973.469971,968.650024,970.159973,970.159973,886982400
2017-06-16,968.119995,972.909973,958.469971,960.669983,960.669983,1746014800
